10500,39,Government,Bachelors,Single,White-Collar,White,Male,40,0
8444,39,Government,Bachelors,Single,White-Collar,White,Female,40,0
14208,40,Government,Bachelors,Single,White-Collar,White,Male,40,0
16698,38,Government,Bachelors,Single,White-Collar,White,Male,40,0
2259,38,Government,Bachelors,Single,White-Collar,Other,Male,40,0
11988,50,Self-Employed,HS-grad,Married,Service,White,Female,12,0
20620,48,Self-Employed,Assoc,Married,Service,White,Female,15,0
9216,49,Private,HS-grad,Married,Sales,White,Male,15,0
17547,52,Private,HS-grad,Married,Sales,White,Male,14,0
4117,50,Private,HS-grad,Single,Service,White,Male,15,0
2,38,Private,HS-grad,Divorced,Blue-Collar,White,Male,40,0
11607,38,Private,HS-grad,Divorced,Blue-Collar,White,Male,40,0
8547,38,Private,HS-grad,Divorced,Blue-Collar,White,Male,40,0
21264,38,Private,HS-grad,Divorced,Blue-Collar,White,Male,40,0
2270,38,Private,HS-grad,Divorced,Blue-Collar,White,Male,40,0
29898,53,Private,School,Married,Blue-Collar,Other,Male,40,0
3,53,Private,School,Married,Blue-Collar,Other,Male,40,0
29141,53,Private,School,Married,Blue-Collar,Other,Male,40,0
2974,53,Private,School,Married,Blue-Collar,Other,Male,40,0
7697,53,Private,School,Married,Blue-Collar,Other,Male,40,0
24907,28,Private,Bachelors,Married,Professional,White,Female,40,1
18238,28,Private,Bachelors,Married,Professional,Other,Male,40,0
2794,28,Private,Bachelors,Married,Professional,White,Male,40,0
13593,28,Private,Bachelors,Married,Professional,White,Male,40,1
710,28,Private,Bachelors,Married,Professional,White,Male,40,0
21404,37,Private,HS-grad,Married,White-Collar,White,Female,40,0
18729,37,Private,Masters,Married,White-Collar,White,Male,40,1
16719,37,Private,Masters,Married,White-Collar,White,Male,40,1
22424,37,Private,HS-grad,Married,White-Collar,White,Female,40,1
16034,37,Private,HS-grad,Married,White-Collar,White,Female,40,1
10217,49,Private,Some-college,Married,Service,White,Male,17,0
10358,50,Private,Some-college,Divorced,Service,White,Female,15,0
11076,47,Private,School,Divorced,Service,White,Female,15,0
28749,50,Self-Employed,School,Single,Service,Other,Female,15,0
16217,51,Private,Some-college,Married,White-Collar,White,Female,15,1
9024,51,Self-Employed,HS-grad,Married,White-Collar,White,Male,45,1
31086,53,Private,HS-grad,Married,White-Collar,White,Male,45,0
1754,53,Self-Employed,HS-grad,Married,White-Collar,Other,Male,45,1
17240,52,Private,Masters,Married,Service,White,Male,45,0
25012,53,Private,Masters,Married,White-Collar,White,Male,45,1
23559,31,Private,Prof-school,Single,Professional,White,Male,50,0
4856,32,Private,HS-grad,Single,Sales,White,Female,50,0
26632,32,Private,Prof-school,Single,Sales,White,Female,50,1
11441,29,Private,Masters,Single,Professional,White,Female,50,0
188,31,Private,Masters,Married,Professional,White,Female,50,0
11514,42,Private,Bachelors,Married,White-Collar,White,Male,40,1
526,42,Private,Bachelors,Married,White-Collar,White,Male,40,1
7811,42,Private,Bachelors,Married,White-Collar,White,Male,40,1
13998,42,Private,Bachelors,Married,White-Collar,White,Male,40,0
18642,42,Private,Bachelors,Married,White-Collar,White,Male,40,0
12876,38,Self-Employed,Some-college,Married,White-Collar,White,Male,80,1
5242,35,Government,Some-college,Married,White-Collar,White,Male,80,0
26887,36,Self-Employed,Prof-school,Married,Professional,White,Male,80,1
10850,35,Private,School,Widowed,Service,White,Female,80,0
11157,37,Private,HS-grad,Married,Service,White,Male,80,1
31611,30,Government,Bachelors,Married,Professional,White,Male,40,0
31982,30,Government,Bachelors,Married,Professional,White,Male,40,0
16914,30,Government,Bachelors,Married,Professional,White,Male,40,1
28642,30,Government,Bachelors,Married,Professional,White,Male,40,1
6495,31,Government,Bachelors,Married,Professional,White,Male,40,0
12,23,Private,Bachelors,Single,White-Collar,White,Female,30,0
19827,23,Private,Bachelors,Single,White-Collar,White,Female,30,0
32051,22,Private,Bachelors,Single,White-Collar,White,Female,30,0
8964,22,Private,Bachelors,Single,White-Collar,White,Female,30,0
31736,22,Private,Bachelors,Single,White-Collar,White,Female,30,0
19753,33,Private,Bachelors,Single,Professional,Other,Male,50,1
11229,32,Private,Bachelors,Single,Professional,White,Male,50,0
8418,31,Private,Bachelors,Single,Sales,White,Male,50,0
23471,32,Private,Bachelors,Single,Professional,White,Male,50,1
26855,31,Private,Bachelors,Single,Sales,Other,Female,50,0
1421,40,Private,Assoc,Married,Blue-Collar,Other,Male,40,0
14,40,Private,Assoc,Married,Blue-Collar,Other,Male,40,1
4032,40,Private,Assoc,Married,Blue-Collar,White,Male,40,1
3383,40,Private,Assoc,Married,Blue-Collar,White,Male,40,0
13380,40,Private,Assoc,Married,Blue-Collar,White,Male,40,0
6555,34,Private,School,Married,Blue-Collar,White,Male,45,1
28417,34,Private,Some-college,Married,Blue-Collar,White,Male,45,1
10997,33,Private,School,Married,Blue-Collar,White,Male,45,0
28556,34,Private,Some-college,Married,Blue-Collar,White,Male,45,0
27517,34,Private,Some-college,Married,Blue-Collar,White,Male,45,1
18754,25,Private,HS-grad,Single,Blue-Collar,White,Male,35,0
3044,25,Private,HS-grad,Single,Blue-Collar,White,Male,35,0
24855,25,Private,HS-grad,Single,Blue-Collar,White,Male,35,0
44,25,Private,HS-grad,Single,Blue-Collar,White,Male,35,0
12569,25,Private,HS-grad,Single,Blue-Collar,White,Male,35,0
769,32,Private,HS-grad,Single,Blue-Collar,White,Male,40,0
13441,32,Private,HS-grad,Single,Blue-Collar,White,Male,40,0
11443,32,Private,HS-grad,Single,Blue-Collar,White,Male,40,0
16016,32,Private,HS-grad,Single,Blue-Collar,White,Male,40,0
12274,32,Private,HS-grad,Single,Blue-Collar,White,Male,40,0
10768,38,Private,Some-college,Married,Sales,White,Male,50,1
14359,38,Private,Some-college,Married,Sales,White,Male,50,0
12745,39,Private,Some-college,Married,Sales,White,Male,50,1
26899,38,Self-Employed,Some-college,Married,Sales,White,Male,50,1
14152,37,Private,Some-college,Married,Sales,White,Male,50,1
566,43,Self-Employed,Masters,Married,White-Collar,White,Male,45,0
11125,42,Private,HS-grad,Divorced,White-Collar,White,Female,45,0
7599,43,Private,Masters,Married,White-Collar,White,Male,45,1
26178,44,Private,Masters,Divorced,White-Collar,White,Male,45,1
30253,43,Private,Masters,Married,White-Collar,White,Male,45,0
20,40,Private,Doctorate,Married,Professional,White,Male,60,1
18479,40,Private,Bachelors,Married,Professional,White,Male,60,1
12770,41,Private,Doctorate,Married,Professional,White,Male,60,1
25087,40,Private,Bachelors,Married,Professional,White,Male,60,1
22499,40,Self-Employed,Bachelors,Married,Professional,White,Male,60,0
2730,54,Private,HS-grad,Married,Service,Other,Female,20,0
22658,54,Private,HS-grad,Single,Service,White,Female,20,0
223,54,Private,HS-grad,Married,White-Collar,Other,Male,20,0
12230,54,Private,HS-grad,Married,White-Collar,White,Male,20,0
22413,55,Private,HS-grad,Married,Service,White,Male,20,0
27181,35,Government,Some-college,Married,Blue-Collar,White,Male,40,0
418,34,Government,School,Separated,Blue-Collar,Other,Male,40,0
13723,36,Government,Some-college,Married,Blue-Collar,White,Male,40,0
1841,34,Government,Some-college,Married,Blue-Collar,White,Male,40,0
18034,34,Government,School,Married,Other/Unknown,White,Male,40,0
3705,43,Private,School,Married,Blue-Collar,White,Male,40,0
21168,43,Private,School,Married,Blue-Collar,White,Male,40,0
11879,43,Private,School,Married,Blue-Collar,White,Male,40,0
18007,43,Private,School,Married,Blue-Collar,White,Male,40,0
23,43,Private,School,Married,Blue-Collar,White,Male,40,0
24,59,Private,HS-grad,Divorced,Service,White,Female,40,0
13500,59,Private,HS-grad,Divorced,Service,White,Female,40,0
16425,59,Private,HS-grad,Divorced,White-Collar,White,Female,40,0
17416,59,Private,HS-grad,Divorced,White-Collar,White,Female,40,0
4202,59,Private,HS-grad,Divorced,White-Collar,White,Female,40,0
2702,56,Government,Bachelors,Married,Sales,White,Male,40,0
27334,56,Government,Bachelors,Married,White-Collar,White,Male,40,1
11381,56,Government,Bachelors,Married,White-Collar,White,Male,40,0
25306,56,Government,Bachelors,Married,White-Collar,White,Male,40,1
27212,56,Government,Bachelors,Married,White-Collar,White,Male,40,1
20968,19,Private,HS-grad,Single,Blue-Collar,White,Male,40,0
19958,19,Private,HS-grad,Single,Blue-Collar,White,Male,40,0
18698,19,Private,HS-grad,Single,Blue-Collar,White,Male,40,0
19430,19,Private,HS-grad,Single,Blue-Collar,White,Male,40,0
20839,19,Private,HS-grad,Single,Blue-Collar,White,Male,40,0
3866,54,Private,Some-college,Married,Blue-Collar,White,Male,60,1
6864,54,Private,School,Married,Blue-Collar,White,Male,60,0
16088,54,Private,Some-college,Divorced,Blue-Collar,White,Male,60,0
24371,54,Private,School,Married,Blue-Collar,White,Male,60,0
3001,55,Private,School,Married,Blue-Collar,White,Male,60,0
14767,39,Private,HS-grad,Divorced,Service,White,Female,81,0
23082,38,Self-Employed,HS-grad,Married,Service,White,Male,80,0
299,38,Private,HS-grad,Divorced,Sales,White,Male,80,0
11157,37,Private,HS-grad,Married,Service,White,Male,80,1
520,38,Self-Employed,Bachelors,Married,White-Collar,White,Male,80,1
11465,49,Private,HS-grad,Married,Blue-Collar,White,Male,40,1
19660,49,Private,HS-grad,Married,Blue-Collar,White,Male,40,1
17546,49,Private,HS-grad,Married,Blue-Collar,White,Male,40,0
1078,49,Private,HS-grad,Married,Blue-Collar,White,Male,40,0
4947,49,Private,HS-grad,Married,Blue-Collar,White,Male,40,1
242,24,Government,Assoc,Married,Service,White,Male,50,0
26733,24,Government,Bachelors,Single,Professional,White,Male,50,0
32054,23,Private,Bachelors,Single,Sales,White,Male,50,0
25587,23,Government,Bachelors,Single,Professional,White,Female,50,0
1381,23,Private,Bachelors,Single,Sales,White,Male,50,0
1141,20,Private,Some-college,Single,Sales,White,Male,45,0
293,21,Private,Some-college,Single,Sales,White,Male,45,0
8630,21,Private,Some-college,Single,Sales,White,Male,45,0
14135,21,Private,Some-college,Single,Sales,White,Male,43,0
1502,20,Private,Some-college,Single,Service,White,Male,45,0
19208,45,Private,Bachelors,Divorced,White-Collar,White,Male,40,1
2167,45,Private,Bachelors,Married,White-Collar,White,Male,40,1
10637,45,Private,Bachelors,Married,White-Collar,White,Male,40,1
17111,45,Private,Bachelors,Divorced,White-Collar,White,Female,40,0
11012,45,Private,Assoc,Divorced,White-Collar,White,Male,40,0
33,30,Government,Some-college,Married,White-Collar,White,Male,40,0
9035,30,Government,School,Married,White-Collar,White,Male,40,0
11218,29,Government,Some-college,Married,White-Collar,White,Male,40,0
14539,30,Government,Some-college,Married,Service,White,Male,40,1
19504,29,Government,Some-college,Married,White-Collar,White,Male,40,1
21678,22,Government,Some-college,Single,Service,White,Female,15,0
16769,23,Government,Some-college,Single,White-Collar,White,Male,15,0
20952,22,Government,Some-college,Single,White-Collar,White,Female,15,0
23408,21,Government,Some-college,Single,White-Collar,White,Female,15,0
6688,21,Government,Some-college,Single,Service,White,Female,14,0
8273,48,Private,School,Single,Blue-Collar,White,Male,40,0
32084,48,Private,School,Widowed,Blue-Collar,White,Male,40,1
13757,48,Private,Some-college,Single,Blue-Collar,White,Male,40,0
3208,47,Private,School,Widowed,Blue-Collar,White,Male,40,0
3314,47,Private,School,Single,Blue-Collar,Other,Male,40,0
21062,21,Private,Some-college,Single,Blue-Collar,White,Male,40,0
36,21,Private,Some-college,Single,Blue-Collar,White,Male,40,0
14432,21,Private,Some-college,Single,Blue-Collar,White,Male,40,0
11497,21,Private,Some-college,Single,Blue-Collar,White,Male,40,0
5110,21,Private,Some-college,Single,Blue-Collar,White,Male,40,0
7585,19,Private,HS-grad,Single,White-Collar,White,Female,25,0
31777,19,Private,HS-grad,Married,Sales,White,Female,25,0
32255,19,Private,HS-grad,Single,Service,White,Female,25,0
7717,18,Private,HS-grad,Single,White-Collar,White,Female,25,0
10292,18,Private,HS-grad,Single,White-Collar,White,Female,25,0
31911,32,Private,Some-college,Married,Professional,White,Male,38,1
25682,30,Private,School,Married,Service,White,Male,37,0
32409,31,Private,Some-college,Married,Sales,White,Male,40,0
18558,31,Private,Some-college,Married,Sales,White,Male,40,0
4566,31,Private,Some-college,Married,Sales,White,Male,40,1
9299,48,Self-Employed,Bachelors,Married,Professional,White,Male,40,0
30109,48,Private,Assoc,Married,Professional,White,Male,40,0
15744,47,Private,Assoc,Married,Professional,White,Male,40,1
3831,48,Private,Bachelors,Married,Professional,White,Male,40,1
20008,47,Private,Assoc,Married,Professional,White,Male,40,1
11788,31,Private,School,Married,Blue-Collar,White,Male,43,0
40,31,Private,School,Married,Blue-Collar,White,Male,43,0
15557,31,Private,School,Married,Blue-Collar,White,Female,42,0
7950,30,Private,Some-college,Married,Blue-Collar,White,Male,44,0
16451,31,Private,School,Married,Blue-Collar,White,Male,45,0
2308,53,Private,Bachelors,Married,Professional,White,Male,40,1
12031,53,Private,Bachelors,Married,Professional,White,Male,40,1
1051,53,Self-Employed,Bachelors,Married,Sales,White,Male,40,1
21599,53,Self-Employed,Doctorate,Married,Professional,White,Male,40,1
17181,52,Private,Bachelors,Married,Professional,White,Male,40,1
15213,24,Private,Bachelors,Married,White-Collar,White,Female,50,0
5500,25,Private,Bachelors,Married,Sales,White,Male,50,0
28807,24,Private,Bachelors,Married,Professional,White,Male,50,0
18179,26,Private,Bachelors,Married,Service,White,Male,50,0
18983,24,Private,Bachelors,Single,Sales,White,Male,50,0
19222,48,Private,HS-grad,Separated,White-Collar,White,Female,40,0
22199,50,Private,HS-grad,Separated,White-Collar,White,Female,40,0
25580,48,Private,HS-grad,Separated,White-Collar,White,Female,40,0
13257,49,Private,HS-grad,Married,White-Collar,White,Male,40,0
12190,48,Private,HS-grad,Married,White-Collar,White,Female,40,1
24855,25,Private,HS-grad,Single,Blue-Collar,White,Male,35,0
18754,25,Private,HS-grad,Single,Blue-Collar,White,Male,35,0
44,25,Private,HS-grad,Single,Blue-Collar,White,Male,35,0
12569,25,Private,HS-grad,Single,Blue-Collar,White,Male,35,0
16,25,Self-Employed,HS-grad,Single,Blue-Collar,White,Male,35,0
5053,57,Government,Bachelors,Married,Professional,White,Male,40,1
20537,57,Government,Bachelors,Married,Professional,White,Male,40,1
17557,58,Government,Bachelors,Married,Professional,Other,Male,40,0
10740,56,Government,Bachelors,Married,Professional,White,Male,40,1
3153,56,Government,Bachelors,Married,Professional,White,Male,40,1
20541,52,Private,HS-grad,Married,Blue-Collar,White,Male,38,0
12799,52,Private,HS-grad,Divorced,Blue-Collar,White,Female,38,0
9233,53,Private,HS-grad,Married,Blue-Collar,White,Male,40,0
8998,53,Private,HS-grad,Married,Blue-Collar,White,Male,40,0
17965,53,Private,HS-grad,Married,Blue-Collar,White,Male,40,1
14598,44,Private,HS-grad,Divorced,White-Collar,White,Female,40,0
16448,44,Self-Employed,Masters,Divorced,White-Collar,White,Female,40,0
13875,44,Private,HS-grad,Divorced,White-Collar,White,Female,40,0
11525,43,Private,Masters,Divorced,White-Collar,White,Female,40,1
10705,44,Private,HS-grad,Divorced,White-Collar,White,Female,40,0
16617,40,Government,Assoc,Married,Blue-Collar,White,Male,40,0
26047,41,Government,Bachelors,Married,Blue-Collar,White,Male,40,1
192,41,Government,Bachelors,Married,Blue-Collar,Other,Male,40,0
16587,40,Government,Bachelors,Divorced,Blue-Collar,White,Male,40,0
991,41,Private,Assoc,Married,Blue-Collar,White,Male,40,0
22553,29,Private,Assoc,Married,Professional,White,Male,43,0
17387,29,Private,Bachelors,Single,Professional,White,Male,45,1
24225,29,Private,Assoc,Single,Sales,White,Male,45,0
14499,28,Other/Unknown,Bachelors,Single,Other/Unknown,White,Female,43,0
12513,28,Private,Bachelors,Married,Professional,White,Male,43,0
27169,25,Private,Some-college,Married,White-Collar,Other,Female,40,1
50,25,Private,Some-college,Married,White-Collar,Other,Female,40,0
9784,25,Private,Some-college,Separated,White-Collar,Other,Female,40,0
10374,25,Private,School,Married,White-Collar,Other,Female,40,0
304,24,Private,Some-college,Married,White-Collar,Other,Female,40,0
24559,18,Private,HS-grad,Single,Service,White,Female,30,0
15329,18,Private,HS-grad,Single,Service,White,Female,30,0
3394,18,Private,HS-grad,Single,Service,White,Female,30,0
51,18,Private,HS-grad,Single,Service,White,Female,30,0
20653,19,Private,HS-grad,Single,Service,White,Female,30,0
25313,47,Private,Prof-school,Married,Professional,White,Male,60,1
1616,46,Private,Prof-school,Married,Professional,White,Male,60,1
1669,46,Private,Prof-school,Married,Professional,White,Male,60,1
2796,47,Self-Employed,Prof-school,Married,Professional,White,Male,60,1
26936,46,Self-Employed,Prof-school,Married,Professional,White,Male,60,1
24317,51,Government,Doctorate,Married,White-Collar,White,Male,55,1
11577,50,Private,Bachelors,Divorced,White-Collar,White,Male,55,1
6313,50,Private,Bachelors,Divorced,White-Collar,White,Male,55,1
15604,50,Private,Bachelors,Married,White-Collar,White,Male,55,1
16832,49,Private,Bachelors,Married,White-Collar,White,Male,55,1
8060,47,Private,HS-grad,Married,White-Collar,White,Male,60,0
8309,46,Private,HS-grad,Divorced,White-Collar,White,Female,60,0
14391,48,Private,HS-grad,Married,White-Collar,White,Male,60,0
22016,47,Private,HS-grad,Married,Service,Other,Male,60,1
413,46,Private,Doctorate,Married,White-Collar,White,Male,60,1
22621,43,Private,Some-college,Married,Service,White,Male,40,0
17232,43,Private,Some-college,Married,White-Collar,White,Male,40,0
17001,43,Private,Some-college,Married,Sales,White,Male,40,1
16869,43,Private,Some-college,Married,White-Collar,White,Male,40,0
3575,43,Private,Some-college,Married,White-Collar,White,Male,40,1
2747,46,Private,School,Married,Blue-Collar,White,Male,40,0
14264,46,Private,School,Married,Blue-Collar,White,Male,40,0
12004,46,Private,School,Married,Blue-Collar,White,Male,40,1
18405,46,Private,School,Married,Blue-Collar,White,Male,40,1
56,46,Private,School,Married,Blue-Collar,White,Male,40,0
19436,35,Private,Assoc,Married,Service,White,Male,40,1
28012,35,Private,Assoc,Married,Service,White,Male,40,0
26317,35,Private,Assoc,Married,Service,White,Male,40,1
57,35,Private,Assoc,Married,Service,White,Male,40,0
16428,35,Private,Bachelors,Married,Service,White,Male,40,1
10847,42,Private,HS-grad,Married,White-Collar,White,Male,48,0
14225,42,Private,HS-grad,Married,White-Collar,White,Male,50,0
3154,41,Private,HS-grad,Married,Sales,White,Male,49,1
3342,40,Private,HS-grad,Separated,Service,White,Female,47,0
17744,41,Private,Doctorate,Married,White-Collar,White,Male,50,1
19999,30,Private,HS-grad,Married,Blue-Collar,White,Male,40,1
8878,30,Private,HS-grad,Married,Blue-Collar,White,Male,40,0
15606,30,Private,HS-grad,Married,Blue-Collar,White,Male,40,0
20769,30,Private,HS-grad,Married,Blue-Collar,White,Male,40,0
9893,30,Private,HS-grad,Married,Blue-Collar,White,Male,40,0
18680,30,Private,Bachelors,Married,Sales,White,Male,40,1
29708,30,Private,Bachelors,Married,Sales,White,Male,40,1
27811,30,Private,Bachelors,Married,Sales,White,Male,40,1
22123,30,Private,Bachelors,Married,Sales,White,Male,40,1
15280,30,Private,Assoc,Married,Sales,White,Male,40,0
4838,31,Other/Unknown,School,Married,Other/Unknown,White,Male,40,0
18236,32,Other/Unknown,School,Married,Other/Unknown,White,Female,40,0
459,32,Other/Unknown,Some-college,Married,Other/Unknown,White,Male,40,0
20111,32,Private,School,Married,Blue-Collar,White,Male,40,0
3914,32,Private,School,Married,Blue-Collar,White,Male,40,0
8613,48,Private,HS-grad,Married,Blue-Collar,White,Male,40,1
62,48,Private,HS-grad,Married,Blue-Collar,White,Male,40,0
20685,48,Private,HS-grad,Married,Blue-Collar,White,Male,40,0
15017,48,Private,HS-grad,Married,Blue-Collar,White,Male,40,0
15976,48,Private,HS-grad,Married,Blue-Collar,White,Male,40,0
16482,42,Self-Employed,Doctorate,Married,Professional,White,Male,45,1
27132,42,Private,Bachelors,Married,Professional,White,Male,45,1
3012,42,Private,Bachelors,Married,Professional,White,Male,45,1
1641,42,Private,Bachelors,Married,Professional,White,Male,45,1
22634,42,Private,Bachelors,Married,Professional,White,Male,44,1
8479,30,Private,Some-college,Married,White-Collar,White,Male,60,1
19654,31,Private,Some-college,Married,Sales,White,Male,57,0
29260,28,Private,Some-college,Married,Sales,Other,Male,60,0
4462,28,Private,Some-college,Married,Sales,Other,Male,60,0
15566,29,Government,Some-college,Married,Service,White,Male,60,0
11712,36,Private,HS-grad,Married,Blue-Collar,White,Male,40,1
1983,36,Private,HS-grad,Married,Blue-Collar,White,Male,40,1
9437,36,Private,HS-grad,Married,Blue-Collar,White,Male,40,0
7993,36,Private,HS-grad,Married,Blue-Collar,White,Male,40,0
11845,36,Private,HS-grad,Married,Blue-Collar,White,Male,40,0
2984,28,Private,Some-college,Divorced,White-Collar,White,Female,40,0
66,28,Private,Some-college,Divorced,White-Collar,White,Female,40,0
24991,28,Private,Some-college,Divorced,White-Collar,White,Female,40,0
3846,29,Private,Some-college,Divorced,White-Collar,White,Female,40,0
10226,27,Private,Some-college,Divorced,White-Collar,White,Female,40,0
10008,53,Private,HS-grad,Married,Service,White,Female,40,0
4421,53,Private,HS-grad,Married,White-Collar,White,Male,40,1
11840,54,Private,HS-grad,Married,White-Collar,White,Female,40,0
16875,53,Private,HS-grad,Divorced,White-Collar,White,Female,40,0
26830,53,Private,HS-grad,Married,White-Collar,White,Male,40,0
3774,49,Self-Employed,Some-college,Married,White-Collar,White,Male,50,1
21754,49,Self-Employed,Some-college,Married,White-Collar,White,Male,50,1
21510,49,Self-Employed,Some-college,Married,White-Collar,White,Male,50,1
4953,49,Private,Some-college,Married,White-Collar,White,Male,50,1
31252,49,Private,Some-college,Married,White-Collar,White,Male,50,1
69,25,Other/Unknown,Some-college,Single,Other/Unknown,White,Male,40,0
21829,25,Other/Unknown,Some-college,Single,Other/Unknown,White,Male,40,0
3131,25,Other/Unknown,Some-college,Single,Other/Unknown,Other,Male,40,0
21528,25,Other/Unknown,School,Single,Other/Unknown,White,Male,40,0
15911,24,Other/Unknown,Some-college,Single,Other/Unknown,White,Male,40,0
18294,19,Other/Unknown,Some-college,Single,Other/Unknown,White,Female,32,0
2061,20,Other/Unknown,Some-college,Single,Other/Unknown,White,Male,32,0
5746,20,Private,School,Single,Sales,White,Female,32,0
24781,20,Other/Unknown,Some-college,Single,Other/Unknown,White,Female,32,0
792,18,Other/Unknown,Some-college,Single,Other/Unknown,White,Male,33,0
1581,31,Private,Bachelors,Single,Sales,Other,Male,40,0
3858,31,Private,Bachelors,Single,Professional,Other,Female,40,0
20663,31,Private,Bachelors,Single,Professional,Other,Male,40,0
11458,31,Private,Bachelors,Single,Professional,White,Female,40,0
4480,30,Private,Bachelors,Married,Sales,Other,Male,40,0
7688,30,Self-Employed,Bachelors,Married,Sales,White,Male,70,0
22137,28,Private,Assoc,Married,Service,White,Male,70,1
24038,28,Private,Assoc,Married,Service,White,Male,70,1
25637,29,Self-Employed,Bachelors,Married,White-Collar,White,Male,70,0
6910,30,Private,Bachelors,Married,White-Collar,White,Male,70,0
19547,23,Private,Some-college,Single,Blue-Collar,White,Male,40,0
19213,23,Private,Some-college,Single,Blue-Collar,White,Male,40,0
20916,23,Private,Some-college,Single,Blue-Collar,White,Male,40,0
14364,23,Private,Some-college,Single,Blue-Collar,White,Male,40,0
2827,23,Private,Some-college,Single,Blue-Collar,White,Male,40,0
21516,78,Other/Unknown,School,Married,Other/Unknown,White,Male,20,0
10139,77,Other/Unknown,School,Married,Other/Unknown,White,Male,20,0
8176,79,Private,Some-college,Married,White-Collar,White,Male,20,0
5198,76,Other/Unknown,Some-college,Married,Other/Unknown,White,Male,20,1
31814,80,Self-Employed,School,Single,Blue-Collar,White,Male,20,0
21052,27,Private,HS-grad,Single,Service,White,Male,40,0
75,27,Private,HS-grad,Single,Service,White,Male,40,0
5491,27,Private,HS-grad,Single,Service,White,Male,40,0
9949,26,Private,HS-grad,Single,Service,White,Male,40,0
18242,27,Private,HS-grad,Single,White-Collar,White,Male,40,0
28700,40,Private,Assoc,Married,White-Collar,White,Male,40,1
76,40,Private,Assoc,Married,White-Collar,White,Male,40,0
21514,40,Private,Bachelors,Married,White-Collar,White,Male,40,1
12751,40,Private,Bachelors,Married,White-Collar,White,Male,40,1
713,40,Private,Assoc,Married,Service,White,Male,40,0
2358,67,Other/Unknown,School,Married,Other/Unknown,White,Male,3,0
29097,68,Other/Unknown,School,Married,Other/Unknown,White,Male,2,0
24232,67,Other/Unknown,School,Divorced,Other/Unknown,White,Male,3,0
18232,67,Other/Unknown,School,Married,Other/Unknown,White,Male,4,0
22130,67,Other/Unknown,Masters,Married,Other/Unknown,White,Male,2,0
30026,17,Private,School,Single,Service,White,Female,22,0
609,17,Private,School,Single,Service,White,Female,21,0
23335,19,Private,Some-college,Single,Service,White,Female,23,0
21305,18,Private,School,Single,Service,Other,Male,23,0
3718,19,Self-Employed,Some-college,Single,Service,White,Female,22,0
31443,30,Government,School,Married,Blue-Collar,White,Male,40,0
18174,30,Government,School,Married,Blue-Collar,White,Male,40,0
2055,30,Government,School,Married,Blue-Collar,White,Male,40,0
414,31,Government,Some-college,Married,Blue-Collar,White,Male,40,0
4838,31,Other/Unknown,School,Married,Other/Unknown,White,Male,40,0
80,18,Private,HS-grad,Single,Sales,White,Male,30,0
10112,18,Private,HS-grad,Single,Sales,White,Female,30,0
28190,18,Private,HS-grad,Single,Professional,White,Male,30,0
12080,18,Private,HS-grad,Single,Sales,White,Female,30,0
30019,19,Private,HS-grad,Single,Sales,White,Female,30,0
9723,52,Private,Assoc,Married,Service,White,Male,40,1
11144,52,Private,Bachelors,Married,White-Collar,White,Male,40,0
15932,52,Private,Bachelors,Married,White-Collar,White,Male,40,1
15018,52,Private,Bachelors,Married,Sales,White,Male,40,1
27434,52,Private,Bachelors,Married,White-Collar,White,Male,40,1
23409,46,Private,HS-grad,Married,Service,White,Female,40,0
82,46,Private,HS-grad,Married,Service,White,Female,40,0
10490,46,Private,HS-grad,Married,Service,White,Male,40,0
8339,46,Private,HS-grad,Married,White-Collar,White,Female,40,1
3865,46,Private,HS-grad,Married,Sales,White,Female,40,1
12226,57,Self-Employed,HS-grad,Married,Sales,White,Male,48,0
20457,60,Private,HS-grad,Married,Sales,White,Male,50,0
18303,60,Self-Employed,HS-grad,Married,Sales,White,Male,50,0
32061,59,Private,Doctorate,Married,Professional,White,Male,50,0
6447,60,Self-Employed,HS-grad,Married,White-Collar,White,Male,48,0
18979,44,Private,HS-grad,Divorced,Blue-Collar,White,Male,40,0
17718,43,Private,HS-grad,Divorced,Blue-Collar,White,Female,40,0
988,44,Private,HS-grad,Divorced,Blue-Collar,White,Male,40,0
9992,44,Private,HS-grad,Divorced,Blue-Collar,Other,Female,40,0
15829,44,Private,HS-grad,Married,Blue-Collar,White,Female,40,1
15088,53,Private,HS-grad,Divorced,Sales,White,Female,35,0
3587,54,Private,HS-grad,Divorced,Sales,White,Female,35,0
11790,53,Self-Employed,HS-grad,Married,Sales,White,Male,35,0
7468,54,Private,HS-grad,Married,Service,White,Female,35,0
18911,52,Private,HS-grad,Married,Sales,White,Male,36,0
86,49,Government,HS-grad,Married,Service,White,Male,40,1
15405,49,Government,HS-grad,Married,Service,White,Male,40,0
1981,49,Government,HS-grad,Married,White-Collar,White,Male,40,1
8228,48,Government,HS-grad,Married,Service,White,Male,40,0
13150,48,Government,HS-grad,Married,Service,White,Male,40,0
435,33,Private,Masters,Married,Professional,White,Male,50,1
29241,33,Private,Prof-school,Married,Professional,White,Male,50,1
4983,34,Private,Prof-school,Married,Professional,White,Male,50,1
6406,33,Private,HS-grad,Married,Sales,White,Male,50,1
6825,32,Private,HS-grad,Married,Professional,White,Male,50,0
19985,29,Private,School,Single,Service,White,Male,40,0
18211,30,Private,Some-college,Single,Sales,White,Female,40,0
3237,30,Private,Some-college,Single,Professional,White,Male,40,0
19303,31,Private,School,Single,Service,White,Male,40,0
18741,31,Private,School,Single,Service,White,Male,40,0
22020,42,Government,Bachelors,Single,Professional,White,Male,50,0
13613,43,Government,Bachelors,Single,Service,White,Male,50,0
7835,42,Government,Bachelors,Married,Professional,White,Female,50,1
737,43,Government,Bachelors,Married,Professional,White,Male,50,0
24434,42,Private,Doctorate,Single,Professional,White,Male,50,0
12597,57,Private,Bachelors,Married,Professional,White,Male,40,1
28622,57,Private,Bachelors,Married,Professional,White,Male,40,0
9769,57,Private,Bachelors,Married,Professional,White,Male,40,1
13343,56,Private,Bachelors,Married,Professional,White,Male,40,1
2498,57,Private,Bachelors,Married,Sales,White,Male,40,1
14111,37,Private,Some-college,Divorced,Blue-Collar,White,Male,40,0
11495,36,Private,Some-college,Divorced,Blue-Collar,White,Female,40,0
16876,37,Private,Some-college,Divorced,Blue-Collar,White,Male,40,0
9768,36,Private,Some-college,Divorced,Blue-Collar,White,Female,40,0
20950,38,Private,Some-college,Divorced,Blue-Collar,White,Female,40,0
15066,29,Private,School,Divorced,Blue-Collar,Other,Female,25,0
2340,27,Other/Unknown,Some-college,Divorced,Other/Unknown,White,Female,25,0
27369,28,Self-Employed,School,Married,Blue-Collar,White,Male,25,0
6433,27,Private,School,Married,Blue-Collar,White,Male,24,0
8033,29,Private,Some-college,Divorced,Professional,White,Female,24,0
32421,31,Private,HS-grad,Married,Service,Other,Female,35,0
26905,30,Private,HS-grad,Married,Professional,White,Male,35,1
32529,29,Private,HS-grad,Separated,Sales,White,Female,35,0
13405,29,Private,HS-grad,Divorced,Sales,White,Female,34,0
19518,29,Self-Employed,HS-grad,Married,Sales,White,Male,35,0
25715,35,Government,Assoc,Married,Service,White,Male,40,1
13941,33,Government,Bachelors,Married,White-Collar,White,Male,40,1
13070,35,Government,Bachelors,Married,White-Collar,White,Male,40,1
20705,33,Government,Assoc,Married,Service,White,Male,40,0
18643,33,Government,Assoc,Married,Service,White,Male,40,1
14100,28,Private,Some-college,Single,Blue-Collar,White,Male,50,0
29023,28,Private,Some-college,Single,Blue-Collar,White,Male,50,0
8433,28,Private,Some-college,Single,Blue-Collar,White,Male,50,0
17859,28,Private,School,Single,Blue-Collar,White,Male,50,0
3201,28,Private,School,Single,Blue-Collar,White,Male,50,0
16614,49,Self-Employed,Doctorate,Married,Professional,White,Male,60,0
31938,49,Self-Employed,Bachelors,Married,Professional,White,Male,60,1
11628,47,Self-Employed,Bachelors,Married,Professional,White,Male,60,0
15708,49,Self-Employed,Doctorate,Married,Professional,Other,Male,60,1
18062,47,Private,Doctorate,Married,Professional,White,Male,60,1
25865,37,Private,Some-college,Divorced,Service,White,Male,47,0
14152,37,Private,Some-college,Married,Sales,White,Male,50,1
10768,38,Private,Some-college,Married,Sales,White,Male,50,1
643,36,Private,Some-college,Married,Sales,White,Male,50,1
14359,38,Private,Some-college,Married,Sales,White,Male,50,0
13894,48,Private,Assoc,Divorced,White-Collar,White,Female,40,0
21980,48,Private,Assoc,Divorced,White-Collar,White,Female,40,0
30976,48,Private,Assoc,Divorced,White-Collar,White,Female,40,0
4578,48,Private,Assoc,Divorced,Service,White,Female,40,0
18221,48,Private,Assoc,Divorced,Service,White,Female,40,0
27899,33,Government,HS-grad,Single,Service,Other,Male,40,0
23775,31,Government,HS-grad,Single,Service,Other,Male,40,0
14525,32,Government,HS-grad,Single,Service,White,Male,40,0
18298,33,Government,HS-grad,Single,Service,Other,Male,40,0
25140,31,Government,HS-grad,Single,Service,Other,Male,40,0
23868,77,Private,Prof-school,Married,White-Collar,White,Male,40,0
7498,74,Private,HS-grad,Married,White-Collar,White,Male,40,1
19085,76,Private,Bachelors,Married,White-Collar,White,Male,40,0
10255,74,Self-Employed,HS-grad,Married,Sales,White,Male,40,1
8536,77,Self-Employed,Some-college,Married,White-Collar,White,Male,40,0
1043,44,Private,Bachelors,Married,White-Collar,White,Male,60,1
13033,44,Self-Employed,Bachelors,Married,White-Collar,White,Male,60,1
28267,44,Private,Doctorate,Married,White-Collar,White,Male,60,1
12462,44,Self-Employed,Bachelors,Married,White-Collar,White,Male,60,0
1682,43,Private,Bachelors,Married,White-Collar,White,Male,60,1
21033,46,Private,Prof-school,Separated,Professional,White,Male,50,1
18408,47,Self-Employed,Prof-school,Married,Professional,White,Male,50,1
7371,47,Self-Employed,Prof-school,Married,Professional,White,Male,50,1
25698,46,Private,Masters,Married,Professional,White,Male,50,1
28379,46,Private,Masters,Married,Professional,White,Male,50,1
1274,20,Private,Some-college,Single,Service,White,Female,40,0
13355,20,Private,Some-college,Single,Service,White,Female,40,0
103,20,Private,Some-college,Single,Service,White,Female,40,0
2550,20,Private,Some-college,Single,Service,White,Female,40,0
8221,20,Private,Some-college,Single,Service,White,Female,40,0
12367,29,Private,HS-grad,Single,Blue-Collar,White,Male,40,0
8518,29,Private,HS-grad,Single,Blue-Collar,White,Male,40,0
14833,29,Private,HS-grad,Single,Blue-Collar,White,Male,40,0
3981,29,Private,HS-grad,Single,Blue-Collar,White,Male,40,0
4628,29,Private,HS-grad,Single,Blue-Collar,White,Male,40,0
105,32,Self-Employed,HS-grad,Married,Blue-Collar,White,Male,40,1
10732,32,Self-Employed,HS-grad,Married,Blue-Collar,White,Male,40,0
8958,32,Self-Employed,HS-grad,Married,Blue-Collar,White,Male,40,0
6559,32,Self-Employed,HS-grad,Married,Blue-Collar,White,Male,40,0
7798,32,Private,HS-grad,Married,Blue-Collar,White,Male,40,0
30402,17,Other/Unknown,School,Single,Other/Unknown,White,Female,30,0
1347,17,Other/Unknown,School,Single,Other/Unknown,White,Female,30,0
792,18,Other/Unknown,Some-college,Single,Other/Unknown,White,Male,33,0
18294,19,Other/Unknown,Some-college,Single,Other/Unknown,White,Female,32,0
5565,18,Other/Unknown,School,Single,Other/Unknown,White,Female,30,0
7070,30,Private,School,Single,Blue-Collar,White,Male,40,0
4190,30,Private,School,Single,Blue-Collar,Other,Male,40,0
3875,30,Private,School,Separated,Blue-Collar,White,Male,40,0
20746,30,Private,School,Single,Blue-Collar,Other,Male,40,0
9519,31,Private,School,Single,Blue-Collar,White,Male,40,0
10452,31,Government,HS-grad,Single,White-Collar,White,Female,40,0
30047,32,Government,HS-grad,Single,White-Collar,White,Female,40,0
31436,32,Government,HS-grad,Single,White-Collar,White,Female,40,0
3421,30,Government,HS-grad,Separated,White-Collar,White,Female,40,0
9630,31,Government,HS-grad,Single,Service,White,Male,40,0
11149,42,Private,HS-grad,Married,Blue-Collar,White,Male,40,1
17230,42,Private,HS-grad,Married,Blue-Collar,White,Male,40,0
16951,42,Private,HS-grad,Married,Blue-Collar,White,Male,40,0
16833,42,Private,HS-grad,Married,Blue-Collar,White,Male,40,1
2212,42,Private,HS-grad,Married,Blue-Collar,White,Male,40,0
23444,24,Private,Bachelors,Single,Sales,White,Male,40,0
14466,24,Private,Bachelors,Single,Sales,White,Male,40,0
110,24,Private,Bachelors,Single,Sales,White,Male,40,0
12419,24,Private,Bachelors,Single,Sales,White,Male,40,0
28274,24,Private,Bachelors,Single,Sales,White,Male,40,0
111,38,Private,Prof-school,Married,Professional,White,Male,40,1
27709,38,Private,Masters,Married,Professional,White,Male,40,1
10759,37,Private,Prof-school,Married,Professional,White,Male,40,1
10533,38,Private,Masters,Married,Professional,White,Male,40,1
14963,38,Private,Prof-school,Married,Professional,White,Female,40,0
1025,56,Private,HS-grad,Married,Service,White,Male,50,0
24628,56,Self-Employed,HS-grad,Divorced,Service,White,Male,50,0
14204,56,Self-Employed,HS-grad,Married,Sales,White,Male,50,1
6114,57,Self-Employed,HS-grad,Married,White-Collar,White,Male,50,0
6030,55,Self-Employed,HS-grad,Married,Sales,White,Male,50,1
2864,29,Private,Some-college,Married,Sales,White,Female,25,0
31238,27,Private,Some-college,Married,Sales,White,Female,25,0
7932,29,Private,Some-college,Married,Sales,Other,Female,26,0
23132,28,Private,Some-college,Divorced,Service,White,Male,24,0
8033,29,Private,Some-college,Divorced,Professional,White,Female,24,0
114,36,Private,HS-grad,Single,Blue-Collar,White,Female,40,0
11473,36,Private,HS-grad,Single,Blue-Collar,White,Male,40,0
16917,36,Private,HS-grad,Single,Blue-Collar,White,Male,40,0
16831,37,Private,HS-grad,Single,Blue-Collar,White,Female,40,0
9551,37,Private,HS-grad,Single,Blue-Collar,White,Female,40,0
24970,53,Private,School,Married,Blue-Collar,White,Male,50,0
3166,53,Private,Some-college,Married,Blue-Collar,White,Male,50,1
28015,54,Private,School,Married,Blue-Collar,White,Male,50,0
12986,53,Self-Employed,School,Married,Blue-Collar,White,Male,50,1
2810,53,Self-Employed,Some-college,Married,Blue-Collar,White,Male,50,0
23681,56,Private,Some-college,Married,Sales,White,Male,50,1
16164,57,Self-Employed,Some-college,Married,Sales,White,Male,50,1
14814,55,Self-Employed,School,Married,Sales,White,Male,50,1
10658,57,Private,Some-college,Married,Sales,White,Male,50,1
26745,57,Private,Some-college,Married,Sales,White,Male,50,0
117,49,Government,Assoc,Married,Blue-Collar,Other,Male,40,1
31523,49,Government,Assoc,Married,Blue-Collar,White,Male,40,1
29368,49,Government,Assoc,Married,Blue-Collar,White,Male,40,0
12709,50,Government,Assoc,Married,Blue-Collar,White,Male,40,1
12006,48,Government,Assoc,Married,Blue-Collar,White,Male,40,0
21124,54,Private,Some-college,Married,Professional,Other,Male,56,1
5089,53,Private,Some-college,Married,Sales,White,Male,55,0
7807,54,Self-Employed,Some-college,Married,Sales,White,Male,54,1
24975,57,Private,School,Married,Sales,Other,Male,55,1
29834,53,Private,Some-college,Married,White-Collar,White,Male,55,0
28660,22,Private,HS-grad,Single,Blue-Collar,White,Male,40,0
6014,22,Private,HS-grad,Single,Blue-Collar,White,Male,40,0
25375,22,Private,HS-grad,Single,Blue-Collar,White,Male,40,0
24935,22,Private,HS-grad,Single,Blue-Collar,White,Male,40,0
23812,22,Private,HS-grad,Single,Blue-Collar,White,Male,40,0
9043,21,Private,Some-college,Single,Service,White,Female,40,0
17282,21,Private,Some-college,Single,Service,White,Female,40,0
10085,21,Private,Some-college,Single,Service,White,Female,40,0
1847,21,Private,Some-college,Single,Service,White,Female,40,0
120,21,Private,Some-college,Single,Service,White,Female,40,0
22667,39,Private,Bachelors,Married,White-Collar,White,Male,60,1
4177,41,Private,Bachelors,Married,White-Collar,White,Male,60,1
24556,41,Private,Bachelors,Married,White-Collar,White,Male,60,1
4994,39,Private,Bachelors,Married,White-Collar,White,Male,60,0
31872,39,Private,Bachelors,Married,White-Collar,White,Male,60,1
18419,30,Private,Bachelors,Single,White-Collar,White,Male,40,0
29633,30,Private,Assoc,Single,White-Collar,Other,Male,40,0
21036,30,Private,Bachelors,Single,White-Collar,White,Male,40,0
11038,30,Private,Bachelors,Single,Service,White,Male,40,0
3717,29,Private,Bachelors,Single,White-Collar,White,Male,40,0
29626,29,Government,Bachelors,Married,Professional,White,Male,50,1
31223,29,Government,Bachelors,Divorced,Professional,White,Male,50,0
1201,30,Government,Bachelors,Married,Professional,White,Male,50,1
8908,29,Other/Unknown,Bachelors,Married,Other/Unknown,White,Male,50,0
5977,29,Other/Unknown,Doctorate,Married,Other/Unknown,White,Male,50,1
18518,19,Private,Some-college,Single,Service,Other,Male,35,0
9849,18,Private,Some-college,Single,Service,Other,Male,35,0
7943,19,Private,Some-college,Single,Service,White,Male,35,0
31002,19,Private,Some-college,Single,Sales,Other,Male,35,0
8640,19,Private,Some-college,Single,Service,White,Male,35,0
30639,47,Private,Bachelors,Married,White-Collar,White,Male,40,1
20984,47,Private,Bachelors,Married,White-Collar,White,Male,40,1
18352,47,Private,Bachelors,Married,White-Collar,White,Male,40,1
21463,47,Private,Bachelors,Divorced,White-Collar,White,Female,40,0
28362,47,Private,Bachelors,Married,White-Collar,White,Male,40,1
26078,19,Private,Some-college,Single,White-Collar,White,Female,28,0
30972,21,Private,Some-college,Single,White-Collar,White,Female,27,0
601,19,Private,Some-college,Single,White-Collar,White,Male,28,0
22014,20,Private,Some-college,Single,Service,White,Male,27,0
22356,19,Private,Some-college,Single,Service,White,Female,27,0
22700,31,Private,Assoc,Married,White-Collar,White,Male,40,0
18520,31,Private,Assoc,Married,White-Collar,White,Male,40,0
25823,31,Private,Assoc,Married,White-Collar,White,Male,40,0
14910,32,Private,Assoc,Married,White-Collar,White,Male,40,0
21440,31,Private,Assoc,Divorced,White-Collar,White,Male,40,0
5296,35,Other/Unknown,HS-grad,Married,Other/Unknown,White,Male,40,0
28320,36,Other/Unknown,HS-grad,Married,Other/Unknown,White,Male,40,1
8387,34,Other/Unknown,HS-grad,Married,Other/Unknown,White,Male,40,0
6536,34,Other/Unknown,HS-grad,Married,Other/Unknown,White,Male,40,0
31821,36,Other/Unknown,HS-grad,Married,Other/Unknown,White,Male,40,0
17473,39,Private,Some-college,Divorced,Blue-Collar,White,Male,40,0
3938,38,Private,Some-college,Divorced,Blue-Collar,White,Male,40,0
1054,38,Private,Some-college,Divorced,Blue-Collar,White,Male,40,0
244,38,Private,Some-college,Divorced,Blue-Collar,White,Male,40,0
19932,39,Private,School,Divorced,Blue-Collar,White,Male,40,0
16045,28,Self-Employed,Assoc,Single,Sales,White,Male,60,0
14892,29,Private,Bachelors,Single,Sales,White,Female,60,0
30174,28,Private,Bachelors,Single,Professional,White,Male,60,1
12384,29,Private,Bachelors,Single,Professional,White,Female,60,0
13368,27,Private,Bachelors,Single,Professional,White,Female,60,0
14079,24,Private,HS-grad,Single,Service,White,Female,40,0
131,24,Private,HS-grad,Single,Service,White,Female,40,0
27320,24,Private,HS-grad,Single,Service,White,Female,40,0
19432,24,Private,HS-grad,Single,Service,White,Male,40,0
11357,24,Private,HS-grad,Single,White-Collar,White,Female,40,0
20840,39,Private,HS-grad,Married,Blue-Collar,White,Male,35,0
21506,39,Private,HS-grad,Married,Blue-Collar,White,Male,35,0
27744,37,Private,HS-grad,Married,Blue-Collar,White,Male,35,0
20946,37,Private,HS-grad,Married,Blue-Collar,White,Male,35,1
12940,38,Private,HS-grad,Separated,Blue-Collar,White,Female,35,0
133,37,Private,Bachelors,Married,Sales,White,Male,50,0
9204,37,Private,Bachelors,Married,Service,White,Male,50,1
893,37,Private,Bachelors,Married,Professional,White,Male,50,1
18214,37,Private,Bachelors,Married,Professional,White,Male,50,1
20694,36,Private,Bachelors,Married,Sales,White,Male,50,1
5759,46,Private,Assoc,Divorced,Service,White,Female,36,0
23975,46,Private,Bachelors,Divorced,Sales,Other,Female,35,1
19815,45,Private,Assoc,Divorced,White-Collar,Other,Male,35,0
14010,45,Private,Bachelors,Divorced,White-Collar,White,Female,35,1
3230,47,Private,Bachelors,Married,White-Collar,Other,Female,35,1
14546,38,Government,Masters,Married,Professional,White,Male,40,1
16803,39,Government,Masters,Married,Professional,White,Male,40,1
6844,37,Government,Masters,Married,Professional,White,Male,40,1
2415,39,Government,Masters,Married,Professional,White,Male,40,1
1002,38,Government,HS-grad,Married,Professional,White,Female,40,1
23430,43,Self-Employed,HS-grad,Married,Blue-Collar,White,Male,60,0
26387,43,Self-Employed,HS-grad,Married,Blue-Collar,White,Male,60,0
13566,43,Self-Employed,HS-grad,Married,Blue-Collar,White,Male,60,0
5314,42,Self-Employed,HS-grad,Married,Blue-Collar,White,Male,60,0
18740,44,Self-Employed,HS-grad,Married,Blue-Collar,White,Male,60,0
13402,27,Private,Bachelors,Divorced,White-Collar,White,Female,35,0
4604,26,Private,Assoc,Separated,White-Collar,White,Female,35,0
22061,28,Private,Assoc,Married,White-Collar,Other,Female,35,0
3595,27,Self-Employed,Assoc,Married,Service,White,Female,36,1
3712,27,Private,Assoc,Single,White-Collar,White,Female,35,0
1673,20,Private,Some-college,Single,Sales,White,Male,20,0
24982,20,Private,Some-college,Single,Sales,White,Male,20,0
21583,19,Private,Some-college,Single,Sales,White,Male,20,0
9530,20,Private,Some-college,Single,Sales,White,Female,20,0
12656,20,Private,Some-college,Single,Sales,White,Female,20,0
32129,48,Private,Some-college,Married,Blue-Collar,Other,Male,40,1
2095,49,Private,Some-college,Married,Blue-Collar,White,Male,40,1
2196,49,Private,Some-college,Married,Blue-Collar,White,Male,40,1
9905,49,Private,Some-college,Married,Blue-Collar,White,Male,40,1
30337,49,Private,Some-college,Married,Blue-Collar,White,Male,40,1
21775,61,Self-Employed,HS-grad,Married,Blue-Collar,White,Male,40,0
14064,61,Private,HS-grad,Married,Blue-Collar,White,Male,40,0
3593,61,Self-Employed,HS-grad,Married,Blue-Collar,White,Female,40,0
3911,61,Private,HS-grad,Married,Blue-Collar,White,Male,40,1
14198,61,Private,HS-grad,Married,Blue-Collar,White,Male,40,0
141,27,Private,Some-college,Single,Sales,White,Female,40,0
13281,26,Private,Some-college,Single,Sales,White,Female,40,0
20866,27,Private,Some-college,Single,Sales,White,Male,40,0
18829,27,Private,Some-college,Single,Service,White,Female,40,0
19145,26,Private,Some-college,Single,Sales,White,Female,40,0
142,19,Private,Some-college,Single,Service,White,Male,30,0
31847,19,Private,Some-college,Single,Service,White,Male,30,0
16202,19,Private,Some-college,Single,White-Collar,White,Male,30,0
6276,19,Private,Some-college,Single,Service,White,Female,30,0
3114,20,Private,Some-college,Single,Service,White,Male,30,0
19005,45,Private,Bachelors,Single,Professional,White,Female,40,1
17663,45,Private,Bachelors,Single,Professional,White,Female,40,0
8328,46,Private,Bachelors,Single,Professional,White,Female,40,0
20533,44,Private,Assoc,Separated,Professional,White,Female,40,0
19317,45,Private,Bachelors,Single,Professional,White,Male,40,0
28220,70,Private,School,Widowed,Service,White,Female,40,0
20644,71,Private,School,Single,Service,White,Female,40,0
16856,71,Private,School,Widowed,White-Collar,White,Male,40,1
18095,68,Private,Some-college,Single,White-Collar,White,Female,40,0
1894,68,Private,Some-college,Widowed,Sales,White,Male,40,0
17888,32,Private,HS-grad,Single,Blue-Collar,White,Female,30,0
24532,30,Other/Unknown,HS-grad,Single,Other/Unknown,White,Male,30,0
10975,29,Private,HS-grad,Single,Blue-Collar,Other,Male,30,0
28936,33,Private,HS-grad,Single,Blue-Collar,White,Male,30,0
17506,30,Private,HS-grad,Single,Professional,White,Female,30,0
7378,23,Private,Some-college,Divorced,Service,White,Female,24,0
23144,21,Private,School,Married,Service,White,Male,25,0
7530,23,Private,Some-college,Married,White-Collar,White,Female,25,0
23596,24,Private,Some-college,Married,Service,White,Male,24,0
12795,22,Private,Some-college,Single,Service,Other,Male,24,0
18382,35,Private,HS-grad,Single,Sales,White,Male,25,0
1236,34,Private,HS-grad,Single,Sales,White,Female,24,0
24410,38,Private,HS-grad,Single,Service,Other,Female,24,0
17559,37,Private,HS-grad,Separated,Service,Other,Female,25,0
27690,36,Private,HS-grad,Married,Service,White,Female,25,0
12564,64,Private,School,Married,Blue-Collar,White,Male,40,1
4473,64,Private,School,Married,Blue-Collar,White,Male,40,1
9432,64,Private,School,Married,Blue-Collar,White,Male,40,0
13104,64,Private,School,Married,Blue-Collar,White,Male,40,0
8888,64,Private,School,Married,Blue-Collar,White,Male,40,0
15871,43,Other/Unknown,Some-college,Divorced,Other/Unknown,Other,Female,40,0
1099,43,Private,Some-college,Divorced,Professional,White,Female,40,0
1134,42,Other/Unknown,Some-college,Divorced,Other/Unknown,White,Male,40,0
20287,44,Private,Some-college,Divorced,Professional,White,Female,40,0
17437,43,Private,Some-college,Divorced,Blue-Collar,White,Male,40,0
31934,47,Government,Some-college,Married,Service,White,Male,38,0
12526,46,Government,Some-college,Married,White-Collar,White,Male,38,1
15155,47,Government,Some-college,Divorced,White-Collar,White,Female,40,0
8347,45,Government,Some-college,Divorced,White-Collar,White,Female,38,0
8340,46,Government,Some-college,Married,Service,White,Male,38,1
24083,34,Private,HS-grad,Single,White-Collar,White,Female,40,0
4837,34,Private,HS-grad,Single,White-Collar,White,Female,40,0
151,34,Private,HS-grad,Single,White-Collar,White,Female,40,0
18786,34,Private,HS-grad,Single,Service,White,Female,40,0
13829,34,Private,HS-grad,Single,White-Collar,White,Male,40,0
29914,33,Private,Bachelors,Separated,White-Collar,Other,Female,40,0
24586,33,Private,Bachelors,Single,White-Collar,White,Female,40,0
19351,33,Private,Bachelors,Single,White-Collar,Other,Male,40,0
5525,34,Private,Bachelors,Single,White-Collar,Other,Female,40,0
29563,33,Private,Bachelors,Single,White-Collar,White,Female,40,0
7314,21,Private,HS-grad,Single,Blue-Collar,White,Male,35,0
9841,21,Private,HS-grad,Single,Blue-Collar,White,Male,35,0
153,21,Private,HS-grad,Single,Blue-Collar,White,Male,35,0
12742,21,Private,HS-grad,Single,Blue-Collar,White,Male,35,0
13363,21,Private,HS-grad,Single,Blue-Collar,White,Male,35,0
16902,52,Private,HS-grad,Divorced,Blue-Collar,White,Male,45,0
26822,52,Private,HS-grad,Married,Blue-Collar,White,Male,45,1
7746,54,Other/Unknown,HS-grad,Divorced,Other/Unknown,White,Male,45,0
17962,53,Private,HS-grad,Married,Blue-Collar,White,Male,45,0
18787,51,Private,HS-grad,Married,Blue-Collar,White,Male,45,0
24709,48,Private,HS-grad,Married,Blue-Collar,White,Male,46,1
2660,48,Private,HS-grad,Married,Blue-Collar,White,Male,45,1
23475,48,Private,HS-grad,Married,Blue-Collar,White,Male,45,0
28647,49,Private,HS-grad,Married,Blue-Collar,White,Male,46,0
6830,48,Private,HS-grad,Married,Blue-Collar,White,Male,45,0
30257,23,Private,Bachelors,Single,Blue-Collar,White,Male,40,0
24520,23,Private,Bachelors,Single,Blue-Collar,White,Male,40,0
15212,23,Private,Bachelors,Single,Blue-Collar,Other,Male,40,0
8172,22,Private,Bachelors,Single,Blue-Collar,White,Male,40,0
2443,23,Private,Assoc,Single,Blue-Collar,White,Male,40,0
18358,72,Other/Unknown,Some-college,Married,Other/Unknown,White,Male,3,0
29942,69,Private,Prof-school,Married,Professional,White,Male,3,0
6180,71,Self-Employed,Prof-school,Married,Blue-Collar,White,Male,2,0
23536,69,Other/Unknown,Some-college,Single,Other/Unknown,White,Male,1,0
23636,70,Other/Unknown,Some-college,Married,Other/Unknown,White,Male,4,1
28118,29,Private,HS-grad,Married,Blue-Collar,White,Male,60,0
8759,28,Private,HS-grad,Divorced,Blue-Collar,White,Male,60,0
19508,29,Private,HS-grad,Married,Blue-Collar,White,Male,60,0
24159,29,Private,HS-grad,Married,Blue-Collar,White,Male,60,0
23696,29,Private,HS-grad,Married,Blue-Collar,White,Male,60,0
31510,42,Private,Bachelors,Married,Service,White,Male,50,1
9287,42,Private,Bachelors,Separated,Service,White,Female,50,0
22008,42,Private,Bachelors,Married,White-Collar,White,Male,50,1
16864,42,Private,Bachelors,Single,Sales,White,Male,50,1
5380,42,Private,Bachelors,Married,White-Collar,Other,Female,50,1
11087,69,Other/Unknown,School,Married,Other/Unknown,White,Male,20,0
32193,68,Private,School,Divorced,Blue-Collar,White,Male,20,0
13234,68,Other/Unknown,Some-college,Married,Other/Unknown,White,Male,20,0
4288,66,Other/Unknown,School,Divorced,Other/Unknown,White,Female,20,0
23100,68,Private,School,Divorced,Blue-Collar,Other,Male,20,0
27275,25,Private,HS-grad,Single,Service,White,Female,40,0
1690,25,Private,HS-grad,Single,Service,White,Female,40,0
15520,25,Private,HS-grad,Single,White-Collar,White,Female,40,0
16911,25,Private,HS-grad,Single,Service,White,Male,40,0
14079,24,Private,HS-grad,Single,Service,White,Female,40,0
16448,44,Self-Employed,Masters,Divorced,White-Collar,White,Female,40,0
18031,44,Private,HS-grad,Divorced,White-Collar,Other,Female,40,0
27628,44,Private,HS-grad,Divorced,White-Collar,Other,Female,40,0
4253,44,Private,HS-grad,Divorced,White-Collar,Other,Female,40,0
47,44,Private,Masters,Divorced,White-Collar,White,Female,40,0
163,28,Private,HS-grad,Single,White-Collar,Other,Female,40,0
20472,28,Private,HS-grad,Single,Service,Other,Female,40,0
12167,28,Private,HS-grad,Single,White-Collar,White,Female,40,0
8312,28,Private,HS-grad,Single,Service,Other,Female,40,0
19946,28,Private,HS-grad,Single,White-Collar,Other,Male,40,0
18271,45,Self-Employed,HS-grad,Married,Sales,White,Male,40,0
15556,45,Private,Masters,Married,Sales,White,Male,40,1
12016,45,Self-Employed,HS-grad,Married,Service,White,Male,40,1
529,44,Self-Employed,Masters,Married,Professional,White,Male,40,0
4443,45,Private,HS-grad,Married,Sales,White,Male,40,1
15506,36,Private,Some-college,Divorced,Service,White,Female,40,0
27880,36,Private,Some-college,Divorced,Service,White,Female,40,0
7845,36,Private,Some-college,Divorced,White-Collar,White,Female,40,0
9776,36,Private,Some-college,Divorced,White-Collar,White,Female,40,0
18195,36,Private,Some-college,Divorced,White-Collar,White,Female,40,0
10500,39,Government,Bachelors,Single,White-Collar,White,Male,40,0
0,39,Government,Bachelors,Single,White-Collar,White,Male,40,0
25751,38,Government,Bachelors,Single,Service,White,Female,43,1
28814,38,Government,Bachelors,Married,White-Collar,White,Male,42,1
9675,37,Government,Assoc,Single,White-Collar,White,Female,43,0
984,45,Government,HS-grad,Widowed,Service,White,Male,40,1
10712,46,Government,HS-grad,Single,White-Collar,Other,Male,40,0
8349,46,Government,HS-grad,Single,Service,Other,Female,40,0
11531,45,Government,HS-grad,Single,White-Collar,White,Female,40,0
16736,45,Government,HS-grad,Single,White-Collar,White,Female,40,0
168,18,Private,School,Single,Blue-Collar,White,Male,16,0
22229,18,Private,School,Single,Blue-Collar,White,Male,15,0
21105,17,Private,School,Single,Blue-Collar,White,Male,16,0
28754,17,Private,School,Single,Blue-Collar,White,Male,16,0
8071,18,Private,School,Single,Blue-Collar,White,Male,15,0
1046,64,Other/Unknown,Assoc,Single,Other/Unknown,White,Female,20,0
3940,63,Government,Bachelors,Single,Professional,Other,Female,21,0
25321,66,Other/Unknown,Bachelors,Married,Other/Unknown,White,Male,20,0
27466,68,Other/Unknown,HS-grad,Widowed,Other/Unknown,White,Female,20,0
27578,64,Other/Unknown,HS-grad,Widowed,Other/Unknown,White,Female,20,0
21052,27,Private,HS-grad,Single,Service,White,Male,40,0
75,27,Private,HS-grad,Single,Service,White,Male,40,0
5491,27,Private,HS-grad,Single,Service,White,Male,40,0
9949,26,Private,HS-grad,Single,Service,White,Male,40,0
18242,27,Private,HS-grad,Single,White-Collar,White,Male,40,0
20119,28,Government,HS-grad,Married,Service,White,Male,40,0
7020,28,Government,HS-grad,Married,Service,White,Male,40,0
171,28,Government,HS-grad,Married,Service,White,Male,40,0
30330,28,Government,HS-grad,Married,Service,White,Male,40,1
11329,29,Government,HS-grad,Married,Service,White,Male,40,1
28751,51,Private,Some-college,Married,Sales,White,Male,40,0
23784,51,Private,Some-college,Married,Sales,White,Male,40,1
172,51,Private,Some-college,Married,Sales,White,Male,40,1
2552,51,Private,Some-college,Married,Sales,White,Male,40,0
5264,51,Private,Some-college,Married,Sales,White,Male,40,1
391,27,Private,Bachelors,Single,Blue-Collar,White,Male,50,0
6258,27,Private,Bachelors,Single,Professional,White,Male,50,0
19261,29,Private,Bachelors,Single,Blue-Collar,White,Male,50,0
2261,27,Private,Bachelors,Married,Blue-Collar,White,Male,50,0
9682,27,Private,HS-grad,Single,Blue-Collar,White,Male,50,0
26872,28,Government,Bachelors,Divorced,Professional,White,Male,40,0
24367,28,Government,Bachelors,Divorced,Professional,White,Female,40,0
31329,28,Government,Doctorate,Divorced,Professional,White,Female,40,0
23655,27,Government,Bachelors,Divorced,Professional,White,Female,40,0
8673,28,Other/Unknown,Assoc,Married,Other/Unknown,White,Female,40,0
14978,28,Private,HS-grad,Separated,Service,White,Female,25,0
24463,29,Private,HS-grad,Separated,Sales,White,Female,25,0
6176,27,Private,Bachelors,Married,Sales,White,Male,25,0
7491,25,Private,HS-grad,Married,Service,White,Female,25,0
1098,29,Self-Employed,HS-grad,Married,Sales,White,Female,25,1
176,21,Private,HS-grad,Single,Blue-Collar,Other,Male,40,0
28278,21,Private,HS-grad,Single,Blue-Collar,Other,Male,40,0
3161,21,Private,HS-grad,Single,Blue-Collar,Other,Male,40,0
32048,21,Private,HS-grad,Single,Blue-Collar,Other,Male,40,0
4476,21,Private,HS-grad,Single,Blue-Collar,White,Male,40,0
30953,34,Private,HS-grad,Single,Blue-Collar,Other,Male,40,0
177,34,Private,HS-grad,Single,Blue-Collar,Other,Male,40,0
23067,34,Private,HS-grad,Single,Blue-Collar,Other,Male,40,0
14242,34,Private,HS-grad,Separated,Blue-Collar,Other,Male,40,0
4647,33,Private,HS-grad,Single,Blue-Collar,Other,Male,40,0
16296,19,Private,HS-grad,Single,White-Collar,White,Male,12,0
13984,19,Private,HS-grad,Single,Service,White,Female,13,0
19100,19,Private,HS-grad,Single,Sales,White,Female,12,0
24747,18,Private,HS-grad,Single,Service,White,Female,10,0
19268,18,Private,HS-grad,Single,Service,White,Female,10,0
6750,34,Private,Bachelors,Married,Professional,White,Male,65,0
23736,32,Private,Doctorate,Married,Professional,White,Male,65,1
20208,33,Self-Employed,Bachelors,Married,Sales,White,Male,65,0
30715,31,Private,Bachelors,Married,Sales,White,Male,65,0
21250,32,Government,Bachelors,Married,Professional,White,Male,65,1
22589,45,Government,Some-college,Divorced,White-Collar,Other,Female,38,0
28431,43,Government,Some-college,Divorced,White-Collar,Other,Female,38,0
8347,45,Government,Some-college,Divorced,White-Collar,White,Female,38,0
12526,46,Government,Some-college,Married,White-Collar,White,Male,38,1
17573,44,Government,Some-college,Married,White-Collar,White,Male,40,1
24389,43,Private,Some-college,Divorced,White-Collar,White,Female,40,0
20264,43,Private,Some-college,Divorced,White-Collar,White,Female,40,0
181,43,Private,Some-college,Divorced,White-Collar,White,Female,40,0
11926,43,Private,Some-college,Divorced,White-Collar,White,Female,40,0
18746,43,Private,Some-college,Divorced,White-Collar,White,Female,40,0
11386,29,Private,Some-college,Single,Blue-Collar,Other,Male,45,0
14556,31,Private,School,Single,Blue-Collar,Other,Male,45,0
15123,30,Private,School,Single,Blue-Collar,White,Male,45,0
17553,30,Private,Some-college,Single,Blue-Collar,White,Male,44,0
29511,29,Private,Some-college,Single,Blue-Collar,White,Male,45,0
27871,40,Private,School,Married,Blue-Collar,White,Male,40,0
1870,40,Private,School,Married,Blue-Collar,White,Male,40,0
7788,40,Private,School,Married,Blue-Collar,White,Male,40,0
13061,40,Private,School,Married,Blue-Collar,White,Male,40,0
26802,40,Private,School,Married,Blue-Collar,White,Male,40,0
20362,36,Government,Some-college,Married,Service,White,Male,42,1
10815,37,Government,Some-college,Married,White-Collar,White,Male,40,1
9660,37,Government,Some-college,Married,White-Collar,White,Male,40,1
7831,37,Private,Some-college,Married,White-Collar,White,Male,42,1
29525,37,Government,Some-college,Married,White-Collar,White,Male,40,1
26356,34,Private,Masters,Married,White-Collar,Other,Male,40,1
26561,34,Private,HS-grad,Married,White-Collar,Other,Female,40,0
21817,34,Private,HS-grad,Married,White-Collar,White,Male,40,0
30232,34,Private,HS-grad,Married,White-Collar,White,Male,40,0
6775,34,Private,HS-grad,Married,White-Collar,White,Male,40,0
1762,41,Private,Bachelors,Divorced,White-Collar,White,Female,40,0
12355,41,Self-Employed,Bachelors,Married,White-Collar,White,Female,40,1
2664,40,Private,Bachelors,Divorced,White-Collar,White,Female,40,1
20369,40,Self-Employed,Bachelors,Divorced,White-Collar,White,Male,40,0
20317,41,Private,Bachelors,Divorced,White-Collar,Other,Female,40,0
25657,53,Government,Bachelors,Married,Professional,White,Female,50,1
16334,53,Private,Doctorate,Divorced,Professional,White,Male,50,0
2638,52,Other/Unknown,Assoc,Married,Other/Unknown,White,Male,50,1
14938,53,Government,Doctorate,Married,Professional,White,Male,50,1
3577,53,Government,Doctorate,Married,Professional,White,Male,50,1
10602,31,Private,Masters,Married,Professional,White,Male,50,0
18199,31,Private,HS-grad,Married,Professional,White,Male,50,0
8962,32,Private,Prof-school,Married,Professional,Other,Female,50,1
7099,30,Private,Prof-school,Married,Professional,White,Male,50,0
21128,30,Private,Masters,Married,Professional,Other,Male,50,1
12918,61,Other/Unknown,Assoc,Married,Other/Unknown,White,Male,2,1
31390,61,Other/Unknown,Masters,Married,Other/Unknown,White,Male,2,1
18641,59,Private,Bachelors,Married,Blue-Collar,White,Male,4,0
24284,57,Self-Employed,HS-grad,Married,White-Collar,White,Male,1,0
30403,56,Private,HS-grad,Married,Sales,White,Female,4,0
31313,38,Other/Unknown,School,Divorced,Other/Unknown,Other,Female,30,0
9802,40,Private,Some-college,Divorced,Blue-Collar,Other,Female,30,0
17980,36,Private,Some-college,Divorced,Blue-Collar,White,Female,30,0
10297,37,Private,Some-college,Married,Professional,White,Female,30,0
14553,37,Self-Employed,School,Divorced,Professional,Other,Female,30,0
21089,24,Private,Some-college,Married,Blue-Collar,White,Male,40,1
9771,24,Private,Some-college,Married,Blue-Collar,White,Male,40,0
18821,24,Private,Some-college,Married,Blue-Collar,White,Male,40,0
19697,24,Private,Some-college,Married,Blue-Collar,White,Male,40,0
12471,24,Private,Some-college,Married,Blue-Collar,White,Male,40,0
26047,41,Government,Bachelors,Married,Blue-Collar,White,Male,40,1
48,41,Government,Assoc,Married,Blue-Collar,White,Male,40,0
16617,40,Government,Assoc,Married,Blue-Collar,White,Male,40,0
16587,40,Government,Bachelors,Divorced,Blue-Collar,White,Male,40,0
16470,41,Government,HS-grad,Married,Blue-Collar,Other,Male,40,1
2079,47,Private,Some-college,Married,White-Collar,White,Male,45,0
7432,46,Private,Some-college,Married,Service,White,Male,45,1
8303,47,Private,Some-college,Married,White-Collar,White,Male,45,0
32453,46,Private,Some-college,Married,Sales,White,Male,45,1
4825,47,Private,Some-college,Married,White-Collar,White,Male,44,1
6310,41,Private,Bachelors,Married,Service,White,Female,25,1
6677,41,Private,Bachelors,Married,Service,White,Female,25,1
27116,43,Private,Bachelors,Married,Service,White,Male,24,1
14563,39,Private,Assoc,Married,Sales,White,Male,24,0
3954,40,Private,HS-grad,Married,Sales,White,Male,24,0
15939,23,Private,School,Married,Blue-Collar,White,Male,40,0
15026,23,Private,School,Married,Blue-Collar,White,Male,40,0
195,23,Private,School,Married,Blue-Collar,White,Male,40,0
20903,23,Private,School,Married,Blue-Collar,White,Male,40,0
15922,23,Private,School,Married,Blue-Collar,White,Male,40,0
12057,36,Private,Some-college,Divorced,Blue-Collar,White,Male,40,0
20151,36,Private,Some-college,Divorced,Blue-Collar,White,Male,40,0
10738,36,Private,Some-college,Married,Blue-Collar,White,Male,40,0
9481,36,Private,Some-college,Married,Blue-Collar,White,Male,40,0
11495,36,Private,Some-college,Divorced,Blue-Collar,White,Female,40,0
10017,41,Government,Masters,Married,White-Collar,White,Male,55,0
5318,39,Government,HS-grad,Married,Service,White,Male,56,0
25945,39,Government,Masters,Single,Professional,White,Female,55,0
3466,39,Private,Masters,Married,White-Collar,White,Male,55,1
17756,42,Government,Prof-school,Married,White-Collar,White,Male,55,1
198,35,Private,Masters,Married,Professional,White,Male,40,1
31468,35,Private,Masters,Married,Professional,Other,Male,40,1
777,34,Private,Masters,Married,Professional,White,Male,40,0
16177,36,Private,Masters,Married,Professional,White,Male,40,1
7844,35,Private,Masters,Married,Sales,White,Male,40,0
26102,24,Private,HS-grad,Single,Sales,White,Male,40,0
4722,24,Private,HS-grad,Single,Sales,White,Male,40,0
20054,24,Private,HS-grad,Single,Sales,White,Male,40,0
9507,24,Private,HS-grad,Single,Sales,White,Male,40,0
22920,24,Private,HS-grad,Single,Sales,White,Male,40,0
